id_noclegu;nazwa;typ_obiektu;srednia_ocena;stary_opis
21;Krakowska Awangarda - Close to the Old Town;Boutique;4.39;Kameralny obiekt noclegowy oferujący gościom wysoki poziom prywatności oraz niezwykle ciepłą atmosferę. Każdy pokój posiada własną łazienkę, balkon, lodówkę oraz zestaw do parzenia kawy i herbaty. Na terenie posesji dostępny jest monitorowany parking oraz zamykana przechowalnia na rowery i narty. W cenie pobytu goście mogą korzystać ze wspólnej strefy wypoczynkowej oraz tarasu widokowego.
22;Old Town Escape;Boutique;1.50;Kameralny obiekt noclegowy oferujący gościom wysoki poziom prywatności oraz niezwykle ciepłą atmosferę. Każdy pokój posiada własną łazienkę, balkon, lodówkę oraz zestaw do parzenia kawy i herbaty. Na terenie posesji dostępny jest monitorowany parking oraz zamykana przechowalnia na rowery i narty. W cenie pobytu goście mogą korzystać ze wspólnej strefy wypoczynkowej oraz tarasu widokowego.
23;ibis Kraków Stare Miasto;B&B;4.39;Kameralny obiekt noclegowy oferujący gościom wysoki poziom prywatności oraz niezwykle ciepłą atmosferę. Każdy pokój posiada własną łazienkę, balkon, lodówkę oraz zestaw do parzenia kawy i herbaty. Na terenie posesji dostępny jest monitorowany parking oraz zamykana przechowalnia na rowery i narty. W cenie pobytu goście mogą korzystać ze wspólnej strefy wypoczynkowej oraz tarasu widokowego.
24;Sky Hotel Kraków;B&B;2.70;Kameralny obiekt noclegowy oferujący gościom wysoki poziom prywatności oraz niezwykle ciepłą atmosferę. Każdy pokój posiada własną łazienkę, balkon, lodówkę oraz zestaw do parzenia kawy i herbaty. Na terenie posesji dostępny jest monitorowany parking oraz zamykana przechowalnia na rowery i narty. W cenie pobytu goście mogą korzystać ze wspólnej strefy wypoczynkowej oraz tarasu widokowego.
25;PURO Hotel Kraków Kazimierz;Wynajem wakacyjny;1.48;Kameralny obiekt noclegowy oferujący gościom wysoki poziom prywatności oraz niezwykle ciepłą atmosferę. Każdy pokój posiada własną łazienkę, balkon, lodówkę oraz zestaw do parzenia kawy i herbaty. Na terenie posesji dostępny jest monitorowany parking oraz zamykana przechowalnia na rowery i narty. W cenie pobytu goście mogą korzystać ze wspólnej strefy wypoczynkowej oraz tarasu widokowego.
26;Mieszkanie w zaciszu;B&B;4.35;Kameralny obiekt noclegowy oferujący gościom wysoki poziom prywatności oraz niezwykle ciepłą atmosferę. Każdy pokój posiada własną łazienkę, balkon, lodówkę oraz zestaw do parzenia kawy i herbaty. Na terenie posesji dostępny jest monitorowany parking oraz zamykana przechowalnia na rowery i narty. W cenie pobytu goście mogą korzystać ze wspólnej strefy wypoczynkowej oraz tarasu widokowego.
27;CASIO;B&B;1.42;Przytulny i funkcjonalny pokój stworzony z myślą o osobach szukających budżetowego noclegu w świetnej lokalizacji. Wnętrze wyposażone jest w wygodne łóżko, kompaktowe biurko do pracy oraz stały dostęp do szybkiego Internetu. Do dyspozycji gości pozostaje w pełni wyposażona, współdzielona kuchnia oraz nowoczesny węzeł sanitarny. Idealny wybór dla studentów, backpackerów oraz osób podróżujących w celach biznesowych.
28;Hotel Alf;Wynajem wakacyjny;4.52;Kameralny obiekt noclegowy oferujący gościom wysoki poziom prywatności oraz niezwykle ciepłą atmosferę. Każdy pokój posiada własną łazienkę, balkon, lodówkę oraz zestaw do parzenia kawy i herbaty. Na terenie posesji dostępny jest monitorowany parking oraz zamykana przechowalnia na rowery i narty. W cenie pobytu goście mogą korzystać ze wspólnej strefy wypoczynkowej oraz tarasu widokowego.
29;MEININGER Kraków Centrum;Boutique;2.69;Kameralny obiekt noclegowy oferujący gościom wysoki poziom prywatności oraz niezwykle ciepłą atmosferę. Każdy pokój posiada własną łazienkę, balkon, lodówkę oraz zestaw do parzenia kawy i herbaty. Na terenie posesji dostępny jest monitorowany parking oraz zamykana przechowalnia na rowery i narty. W cenie pobytu goście mogą korzystać ze wspólnej strefy wypoczynkowej oraz tarasu widokowego.
30;M3 Main Square Studio - One-Bedroom Apartment;Apartament;2.77;Nowoczesny apartament o podwyższonym standardzie, urządzony przez profesjonalnego projektanta wnętrz. Do dyspozycji gości oddajemy przestronny salon z telewizorem, osobną sypialnię oraz kompletnie wyposażoną kuchnię. Z dużych okien roztacza się ładny widok na architekturę, a klimatyzacja zapewnia komfort w upalne dni. Obiekt jest doskonałym wyborem zarówno dla par, jak i rodzin szukających wygody w rozsądnej cenie.
31;ibis Styles Kraków Centrum;Hotel;4.38;Kameralny obiekt noclegowy oferujący gościom wysoki poziom prywatności oraz niezwykle ciepłą atmosferę. Każdy pokój posiada własną łazienkę, balkon, lodówkę oraz zestaw do parzenia kawy i herbaty. Na terenie posesji dostępny jest monitorowany parking oraz zamykana przechowalnia na rowery i narty. W cenie pobytu goście mogą korzystać ze wspólnej strefy wypoczynkowej oraz tarasu widokowego.
32;Hotel Rok*;Wynajem wakacyjny;4.37;Kameralny obiekt noclegowy oferujący gościom wysoki poziom prywatności oraz niezwykle ciepłą atmosferę. Każdy pokój posiada własną łazienkę, balkon, lodówkę oraz zestaw do parzenia kawy i herbaty. Na terenie posesji dostępny jest monitorowany parking oraz zamykana przechowalnia na rowery i narty. W cenie pobytu goście mogą korzystać ze wspólnej strefy wypoczynkowej oraz tarasu widokowego.
33;Novotel Kraków City West;Apartament;4.41;Nowoczesny apartament o podwyższonym standardzie, urządzony przez profesjonalnego projektanta wnętrz. Do dyspozycji gości oddajemy przestronny salon z telewizorem, osobną sypialnię oraz kompletnie wyposażoną kuchnię. Z dużych okien roztacza się ładny widok na architekturę, a klimatyzacja zapewnia komfort w upalne dni. Obiekt jest doskonałym wyborem zarówno dla par, jak i rodzin szukających wygody w rozsądnej cenie.
34;Fragola Apartments Feniks;Apartament;4.40;Ekskluzywny penthouse zlokalizowany w najbardziej prestiżowej dzielnicy, oferujący zapierający dech w piersiach widok. Wnętrze wykończono najwyższej jakośći materiałami, takimi jak naturalny marmur oraz egzotyczne drewno. Goście mają do dyspozycji prywatne jacuzzi na tarasie, system inteligentnego domu oraz dostęp do strefy wellness w budynku. To propozycja dla najbardziej wymagających klientów, oczekujących bezkompromisowego luksusu.
35;ibis Styles Kraków East;Apartament;4.32;Nowoczesny apartament o podwyższonym standardzie, urządzony przez profesjonalnego projektanta wnętrz. Do dyspozycji gości oddajemy przestronny salon z telewizorem, osobną sypialnię oraz kompletnie wyposażoną kuchnię. Z dużych okien roztacza się ładny widok na architekturę, a klimatyzacja zapewnia komfort w upalne dni. Obiekt jest doskonałym wyborem zarówno dla par, jak i rodzin szukających wygody w rozsądnej cenie.
36;Bubble Hostel;B&B;4.46;Kameralny obiekt noclegowy oferujący gościom wysoki poziom prywatności oraz niezwykle ciepłą atmosferę. Każdy pokój posiada własną łazienkę, balkon, lodówkę oraz zestaw do parzenia kawy i herbaty. Na terenie posesji dostępny jest monitorowany parking oraz zamykana przechowalnia na rowery i narty. W cenie pobytu goście mogą korzystać ze wspólnej strefy wypoczynkowej oraz tarasu widokowego.
37;Booking Hotel Crown Piast & SPA;Boutique;2.73;Kameralny obiekt noclegowy oferujący gościom wysoki poziom prywatności oraz niezwykle ciepłą atmosferę. Każdy pokój posiada własną łazienkę, balkon, lodówkę oraz zestaw do parzenia kawy i herbaty. Na terenie posesji dostępny jest monitorowany parking oraz zamykana przechowalnia na rowery i narty. W cenie pobytu goście mogą korzystać ze wspólnej strefy wypoczynkowej oraz tarasu widokowego.
38;New Port Aparthotel;Wynajem wakacyjny;2.73;Unikalny obiekt butikowy, w którym historyczna architektura łączy się z ultranowoczesnym designem. Pokoje oferują spersonalizowany serwis, najwyższej klasy pościel antyalergiczną oraz luksusowe kosmetyki w łazienkach. Na miejscu działa nagradzana restauracja serwująca dania kuchni lokalnej w nowoczesnym wydaniu. Dedykowany konsjerż pozostaje do stałej dyspozycji gości, dbając o realizację wszelkich indywidualnych życzeń.
39;Hotel Alexander;B&B;2.86;Kameralny obiekt noclegowy oferujący gościom wysoki poziom prywatności oraz niezwykle ciepłą atmosferę. Każdy pokój posiada własną łazienkę, balkon, lodówkę oraz zestaw do parzenia kawy i herbaty. Na terenie posesji dostępny jest monitorowany parking oraz zamykana przechowalnia na rowery i narty. W cenie pobytu goście mogą korzystać ze wspólnej strefy wypoczynkowej oraz tarasu widokowego.
40;Antique Apartments;Apartament;2.85;Nowoczesny apartament o podwyższonym standardzie, urządzony przez profesjonalnego projektanta wnętrz. Do dyspozycji gości oddajemy przestronny salon z telewizorem, osobną sypialnię oraz kompletnie wyposażoną kuchnię. Z dużych okien roztacza się ładny widok na architekturę, a klimatyzacja zapewnia komfort w upalne dni. Obiekt jest doskonałym wyborem zarówno dla par, jak i rodzin szukających wygody w rozsądnej cenie.
41;On The Wave - sea-close studio with nice balcony view - 30m2;Boutique;2.74;Kameralny obiekt noclegowy oferujący gościom wysoki poziom prywatności oraz niezwykle ciepłą atmosferę. Każdy pokój posiada własną łazienkę, balkon, lodówkę oraz zestaw do parzenia kawy i herbaty. Na terenie posesji dostępny jest monitorowany parking oraz zamykana przechowalnia na rowery i narty. W cenie pobytu goście mogą korzystać ze wspólnej strefy wypoczynkowej oraz tarasu widokowego.
42;Hello Apartments Chłopska;Apartament;4.40;Nowoczesny apartament o podwyższonym standardzie, urządzony przez profesjonalnego projektanta wnętrz. Do dyspozycji gości oddajemy przestronny salon z telewizorem, osobną sypialnię oraz kompletnie wyposażoną kuchnię. Z dużych okien roztacza się ładny widok na architekturę, a klimatyzacja zapewnia komfort w upalne dni. Obiekt jest doskonałym wyborem zarówno dla par, jak i rodzin szukających wygody w rozsądnej cenie.
43;Apartament Pobiedzisko;Apartament;4.34;Nowoczesny apartament o podwyższonym standardzie, urządzony przez profesjonalnego projektanta wnętrz. Do dyspozycji gości oddajemy przestronny salon z telewizorem, osobną sypialnię oraz kompletnie wyposażoną kuchnię. Z dużych okien roztacza się ładny widok na architekturę, a klimatyzacja zapewnia komfort w upalne dni. Obiekt jest doskonałym wyborem zarówno dla par, jak i rodzin szukających wygody w rozsądnej cenie.
44;Apartament Kameralny przy ul. Piwnej;Apartament;2.76;Nowoczesny apartament o podwyższonym standardzie, urządzony przez profesjonalnego projektanta wnętrz. Do dyspozycji gości oddajemy przestronny salon z telewizorem, osobną sypialnię oraz kompletnie wyposażoną kuchnię. Z dużych okien roztacza się ładny widok na architekturę, a klimatyzacja zapewnia komfort w upalne dni. Obiekt jest doskonałym wyborem zarówno dla par, jak i rodzin szukających wygody w rozsądnej cenie.
45;Apartament 184;Apartament;4.39;Ekskluzywny penthouse zlokalizowany w najbardziej prestiżowej dzielnicy, oferujący zapierający dech w piersiach widok. Wnętrze wykończono najwyższej jakośći materiałami, takimi jak naturalny marmur oraz egzotyczne drewno. Goście mają do dyspozycji prywatne jacuzzi na tarasie, system inteligentnego domu oraz dostęp do strefy wellness w budynku. To propozycja dla najbardziej wymagających klientów, oczekujących bezkompromisowego luksusu.
46;Gdański Dom Turystyczny;Hotel;4.27;Kameralny obiekt noclegowy oferujący gościom wysoki poziom prywatności oraz niezwykle ciepłą atmosferę. Każdy pokój posiada własną łazienkę, balkon, lodówkę oraz zestaw do parzenia kawy i herbaty. Na terenie posesji dostępny jest monitorowany parking oraz zamykana przechowalnia na rowery i narty. W cenie pobytu goście mogą korzystać ze wspólnej strefy wypoczynkowej oraz tarasu widokowego.
47;Mercure Gdańsk Posejdon;Boutique;2.96;Unikalny obiekt butikowy, w którym historyczna architektura łączy się z ultranowoczesnym designem. Pokoje oferują spersonalizowany serwis, najwyższej klasy pościel antyalergiczną oraz luksusowe kosmetyki w łazienkach. Na miejscu działa nagradzana restauracja serwująca dania kuchni lokalnej w nowoczesnym wydaniu. Dedykowany konsjerż pozostaje do stałej dyspozycji gości, dbając o realizację wszelkich indywidualnych życzeń.
48;Universus - Hostel Gdańsk Główne Miasto;B&B;1.43;Kameralny obiekt noclegowy oferujący gościom wysoki poziom prywatności oraz niezwykle ciepłą atmosferę. Każdy pokój posiada własną łazienkę, balkon, lodówkę oraz zestaw do parzenia kawy i herbaty. Na terenie posesji dostępny jest monitorowany parking oraz zamykana przechowalnia na rowery i narty. W cenie pobytu goście mogą korzystać ze wspólnej strefy wypoczynkowej oraz tarasu widokowego.
49;Dulkowa Zagroda;B&B;2.79;Kameralny obiekt noclegowy oferujący gościom wysoki poziom prywatności oraz niezwykle ciepłą atmosferę. Każdy pokój posiada własną łazienkę, balkon, lodówkę oraz zestaw do parzenia kawy i herbaty. Na terenie posesji dostępny jest monitorowany parking oraz zamykana przechowalnia na rowery i narty. W cenie pobytu goście mogą korzystać ze wspólnej strefy wypoczynkowej oraz tarasu widokowego.
50;Gdańsk Apartments - Apartamenty na wynajem Gdańsk;Apartament;2.77;Nowoczesny apartament o podwyższonym standardzie, urządzony przez profesjonalnego projektanta wnętrz. Do dyspozycji gości oddajemy przestronny salon z telewizorem, osobną sypialnię oraz kompletnie wyposażoną kuchnię. Z dużych okien roztacza się ładny widok na architekturę, a klimatyzacja zapewnia komfort w upalne dni. Obiekt jest doskonałym wyborem zarówno dla par, jak i rodzin szukających wygody w rozsądnej cenie.
51;WaterLane Island Hostel;Boutique;2.72;Kameralny obiekt noclegowy oferujący gościom wysoki poziom prywatności oraz niezwykle ciepłą atmosferę. Każdy pokój posiada własną łazienkę, balkon, lodówkę oraz zestaw do parzenia kawy i herbaty. Na terenie posesji dostępny jest monitorowany parking oraz zamykana przechowalnia na rowery i narty. W cenie pobytu goście mogą korzystać ze wspólnej strefy wypoczynkowej oraz tarasu widokowego.
52;Holiday Inn Gdansk - City Centre;Wynajem wakacyjny;4.46;Unikalny obiekt butikowy, w którym historyczna architektura łączy się z ultranowoczesnym designem. Pokoje oferują spersonalizowany serwis, najwyższej klasy pościel antyalergiczną oraz luksusowe kosmetyki w łazienkach. Na miejscu działa nagradzana restauracja serwująca dania kuchni lokalnej w nowoczesnym wydaniu. Dedykowany konsjerż pozostaje do stałej dyspozycji gości, dbając o realizację wszelkich indywidualnych życzeń.
53;ARCHE Dwór Uphagena Gdańsk;Apartament;4.30;Nowoczesny apartament o podwyższonym standardzie, urządzony przez profesjonalnego projektanta wnętrz. Do dyspozycji gości oddajemy przestronny salon z telewizorem, osobną sypialnię oraz kompletnie wyposażoną kuchnię. Z dużych okien roztacza się ładny widok na architekturę, a klimatyzacja zapewnia komfort w upalne dni. Obiekt jest doskonałym wyborem zarówno dla par, jak i rodzin szukających wygody w rozsądnej cenie.
54;Grano Hotel Solmarina;Apartament;2.72;Ekskluzywny penthouse zlokalizowany w najbardziej prestiżowej dzielnicy, oferujący zapierający dech w piersiach widok. Wnętrze wykończono najwyższej jakośći materiałami, takimi jak naturalny marmur oraz egzotyczne drewno. Goście mają do dyspozycji prywatne jacuzzi na tarasie, system inteligentnego domu oraz dostęp do strefy wellness w budynku. To propozycja dla najbardziej wymagających klientów, oczekujących bezkompromisowego luksusu.
55;Hostel4u;Wynajem wakacyjny;2.86;Przytulny i funkcjonalny pokój stworzony z myślą o osobach szukających budżetowego noclegu w świetnej lokalizacji. Wnętrze wyposażone jest w wygodne łóżko, kompaktowe biurko do pracy oraz stały dostęp do szybkiego Internetu. Do dyspozycji gości pozostaje w pełni wyposażona, współdzielona kuchnia oraz nowoczesny węzeł sanitarny. Idealny wybór dla studentów, backpackerów oraz osób podróżujących w celach biznesowych.
56;3 City Hostel;B&B;4.31;Kameralny obiekt noclegowy oferujący gościom wysoki poziom prywatności oraz niezwykle ciepłą atmosferę. Każdy pokój posiada własną łazienkę, balkon, lodówkę oraz zestaw do parzenia kawy i herbaty. Na terenie posesji dostępny jest monitorowany parking oraz zamykana przechowalnia na rowery i narty. W cenie pobytu goście mogą korzystać ze wspólnej strefy wypoczynkowej oraz tarasu widokowego.
57;B12 Apartments by Marina Gdańsk - Old Town;Apartament;2.43;Nowoczesny apartament o podwyższonym standardzie, urządzony przez profesjonalnego projektanta wnętrz. Do dyspozycji gości oddajemy przestronny salon z telewizorem, osobną sypialnię oraz kompletnie wyposażoną kuchnię. Z dużych okien roztacza się ładny widok na architekturę, a klimatyzacja zapewnia komfort w upalne dni. Obiekt jest doskonałym wyborem zarówno dla par, jak i rodzin szukających wygody w rozsądnej cenie.
58;Focus Hotel Gdańsk;Hotel;2.88;Kameralny obiekt noclegowy oferujący gościom wysoki poziom prywatności oraz niezwykle ciepłą atmosferę. Każdy pokój posiada własną łazienkę, balkon, lodówkę oraz zestaw do parzenia kawy i herbaty. Na terenie posesji dostępny jest monitorowany parking oraz zamykana przechowalnia na rowery i narty. W cenie pobytu goście mogą korzystać ze wspólnej strefy wypoczynkowej oraz tarasu widokowego.
59;Smart Hotel;Wynajem wakacyjny;4.38;Kameralny obiekt noclegowy oferujący gościom wysoki poziom prywatności oraz niezwykle ciepłą atmosferę. Każdy pokój posiada własną łazienkę, balkon, lodówkę oraz zestaw do parzenia kawy i herbaty. Na terenie posesji dostępny jest monitorowany parking oraz zamykana przechowalnia na rowery i narty. W cenie pobytu goście mogą korzystać ze wspólnej strefy wypoczynkowej oraz tarasu widokowego.
60;Boutique Residence Gdańsk;Boutique;4.39;Unikalny obiekt butikowy, w którym historyczna architektura łączy się z ultranowoczesnym designem. Pokoje oferują spersonalizowany serwis, najwyższej klasy pościel antyalergiczną oraz luksusowe kosmetyki w łazienkach. Na miejscu działa nagradzana restauracja serwująca dania kuchni lokalnej w nowoczesnym wydaniu. Dedykowany konsjerż pozostaje do stałej dyspozycji gości, dbając o realizację wszelkich indywidualnych życzeń.
61;Apartament Nadmorski;Apartament;4.42;Nowoczesny apartament o podwyższonym standardzie, urządzony przez profesjonalnego projektanta wnętrz. Do dyspozycji gości oddajemy przestronny salon z telewizorem, osobną sypialnię oraz kompletnie wyposażoną kuchnię. Z dużych okien roztacza się ładny widok na architekturę, a klimatyzacja zapewnia komfort w upalne dni. Obiekt jest doskonałym wyborem zarówno dla par, jak i rodzin szukających wygody w rozsądnej cenie.
62;Apartment above Motława;Apartament;4.38;Nowoczesny apartament o podwyższonym standardzie, urządzony przez profesjonalnego projektanta wnętrz. Do dyspozycji gości oddajemy przestronny salon z telewizorem, osobną sypialnię oraz kompletnie wyposażoną kuchnię. Z dużych okien roztacza się ładny widok na architekturę, a klimatyzacja zapewnia komfort w upalne dni. Obiekt jest doskonałym wyborem zarówno dla par, jak i rodzin szukających wygody w rozsądnej cenie.
63;Apartament Gdansk Nowa Grobla 58;Apartament;2.58;Nowoczesny apartament o podwyższonym standardzie, urządzony przez profesjonalnego projektanta wnętrz. Do dyspozycji gości oddajemy przestronny salon z telewizorem, osobną sypialnię oraz kompletnie wyposażoną kuchnię. Z dużych okien roztacza się ładny widok na architekturę, a klimatyzacja zapewnia komfort w upalne dni. Obiekt jest doskonałym wyborem zarówno dla par, jak i rodzin szukających wygody w rozsądnej cenie.
64;Willa Morskie Oko;Wynajem wakacyjny;2.50;Kameralny obiekt noclegowy oferujący gościom wysoki poziom prywatności oraz niezwykle ciepłą atmosferę. Każdy pokój posiada własną łazienkę, balkon, lodówkę oraz zestaw do parzenia kawy i herbaty. Na terenie posesji dostępny jest monitorowany parking oraz zamykana przechowalnia na rowery i narty. W cenie pobytu goście mogą korzystać ze wspólnej strefy wypoczynkowej oraz tarasu widokowego.
65;Hilton Gdańsk;Wynajem wakacyjny;2.85;Kameralny obiekt noclegowy oferujący gościom wysoki poziom prywatności oraz niezwykle ciepłą atmosferę. Każdy pokój posiada własną łazienkę, balkon, lodówkę oraz zestaw do parzenia kawy i herbaty. Na terenie posesji dostępny jest monitorowany parking oraz zamykana przechowalnia na rowery i narty. W cenie pobytu goście mogą korzystać ze wspólnej strefy wypoczynkowej oraz tarasu widokowego.
66;Hotel Radisson Blu Gdańsk;Apartament;1.46;Nowoczesny apartament o podwyższonym standardzie, urządzony przez profesjonalnego projektanta wnętrz. Do dyspozycji gości oddajemy przestronny salon z telewizorem, osobną sypialnię oraz kompletnie wyposażoną kuchnię. Z dużych okien roztacza się ładny widok na architekturę, a klimatyzacja zapewnia komfort w upalne dni. Obiekt jest doskonałym wyborem zarówno dla par, jak i rodzin szukających wygody w rozsądnej cenie.
67;Hampton by Hilton Gdańsk Old Town;Apartament;2.70;Nowoczesny apartament o podwyższonym standardzie, urządzony przez profesjonalnego projektanta wnętrz. Do dyspozycji gości oddajemy przestronny salon z telewizorem, osobną sypialnię oraz kompletnie wyposażoną kuchnię. Z dużych okien roztacza się ładny widok na architekturę, a klimatyzacja zapewnia komfort w upalne dni. Obiekt jest doskonałym wyborem zarówno dla par, jak i rodzin szukających wygody w rozsądnej cenie.
68;Unique Apartments - Browar Gdański;Apartament;4.45;Nowoczesny apartament o podwyższonym standardzie, urządzony przez profesjonalnego projektanta wnętrz. Do dyspozycji gości oddajemy przestronny salon z telewizorem, osobną sypialnię oraz kompletnie wyposażoną kuchnię. Z dużych okien roztacza się ładny widok na architekturę, a klimatyzacja zapewnia komfort w upalne dni. Obiekt jest doskonałym wyborem zarówno dla par, jak i rodzin szukających wygody w rozsądnej cenie.
69;Apartamenty Wyspa Sobieszewska;Apartament;4.38;Nowoczesny apartament o podwyższonym standardzie, urządzony przez profesjonalnego projektanta wnętrz. Do dyspozycji gości oddajemy przestronny salon z telewizorem, osobną sypialnię oraz kompletnie wyposażoną kuchnię. Z dużych okien roztacza się ładny widok na architekturę, a klimatyzacja zapewnia komfort w upalne dni. Obiekt jest doskonałym wyborem zarówno dla par, jak i rodzin szukających wygody w rozsądnej cenie.
70;Novotel Gdańsk Marina;Apartament;2.85;Nowoczesny apartament o podwyższonym standardzie, urządzony przez profesjonalnego projektanta wnętrz. Do dyspozycji gości oddajemy przestronny salon z telewizorem, osobną sypialnię oraz kompletnie wyposażoną kuchnię. Z dużych okien roztacza się ładny widok na architekturę, a klimatyzacja zapewnia komfort w upalne dni. Obiekt jest doskonałym wyborem zarówno dla par, jak i rodzin szukających wygody w rozsądnej cenie.
71;Moon Apartments Gdańsk;Apartament;2.69;Nowoczesny apartament o podwyższonym standardzie, urządzony przez profesjonalnego projektanta wnętrz. Do dyspozycji gości oddajemy przestronny salon z telewizorem, osobną sypialnię oraz kompletnie wyposażoną kuchnię. Z dużych okien roztacza się ładny widok na architekturę, a klimatyzacja zapewnia komfort w upalne dni. Obiekt jest doskonałym wyborem zarówno dla par, jak i rodzin szukających wygody w rozsądnej cenie.
72;Elite Apartments Tricity Paulina Kozłowska;Apartament;2.85;Nowoczesny apartament o podwyższonym standardzie, urządzony przez profesjonalnego projektanta wnętrz. Do dyspozycji gości oddajemy przestronny salon z telewizorem, osobną sypialnię oraz kompletnie wyposażoną kuchnię. Z dużych okien roztacza się ładny widok na architekturę, a klimatyzacja zapewnia komfort w upalne dni. Obiekt jest doskonałym wyborem zarówno dla par, jak i rodzin szukających wygody w rozsądnej cenie.
73;PURO Hotel Gdańsk Stare Miasto;Boutique;3.08;Kameralny obiekt noclegowy oferujący gościom wysoki poziom prywatności oraz niezwykle ciepłą atmosferę. Każdy pokój posiada własną łazienkę, balkon, lodówkę oraz zestaw do parzenia kawy i herbaty. Na terenie posesji dostępny jest monitorowany parking oraz zamykana przechowalnia na rowery i narty. W cenie pobytu goście mogą korzystać ze wspólnej strefy wypoczynkowej oraz tarasu widokowego.
74;Hotel Saski Kraków, Curio Collection by Hilton;Hotel;4.39;Kameralny obiekt noclegowy oferujący gościom wysoki poziom prywatności oraz niezwykle ciepłą atmosferę. Każdy pokój posiada własną łazienkę, balkon, lodówkę oraz zestaw do parzenia kawy i herbaty. Na terenie posesji dostępny jest monitorowany parking oraz zamykana przechowalnia na rowery i narty. W cenie pobytu goście mogą korzystać ze wspólnej strefy wypoczynkowej oraz tarasu widokowego.
75;Hyatt Place Krakow;Boutique;1.36;Kameralny obiekt noclegowy oferujący gościom wysoki poziom prywatności oraz niezwykle ciepłą atmosferę. Każdy pokój posiada własną łazienkę, balkon, lodówkę oraz zestaw do parzenia kawy i herbaty. Na terenie posesji dostępny jest monitorowany parking oraz zamykana przechowalnia na rowery i narty. W cenie pobytu goście mogą korzystać ze wspólnej strefy wypoczynkowej oraz tarasu widokowego.
76;Turnau City Aparthotel;Hotel;4.25;Kameralny obiekt noclegowy oferujący gościom wysoki poziom prywatności oraz niezwykle ciepłą atmosferę. Każdy pokój posiada własną łazienkę, balkon, lodówkę oraz zestaw do parzenia kawy i herbaty. Na terenie posesji dostępny jest monitorowany parking oraz zamykana przechowalnia na rowery i narty. W cenie pobytu goście mogą korzystać ze wspólnej strefy wypoczynkowej oraz tarasu widokowego.
77;Metropolo Krakow by Golden Tulip;Apartament;1.48;Nowoczesny apartament o podwyższonym standardzie, urządzony przez profesjonalnego projektanta wnętrz. Do dyspozycji gości oddajemy przestronny salon z telewizorem, osobną sypialnię oraz kompletnie wyposażoną kuchnię. Z dużych okien roztacza się ładny widok na architekturę, a klimatyzacja zapewnia komfort w upalne dni. Obiekt jest doskonałym wyborem zarówno dla par, jak i rodzin szukających wygody w rozsądnej cenie.
78;Sheraton Grand Krakow;Boutique;4.37;Kameralny obiekt noclegowy oferujący gościom wysoki poziom prywatności oraz niezwykle ciepłą atmosferę. Każdy pokój posiada własną łazienkę, balkon, lodówkę oraz zestaw do parzenia kawy i herbaty. Na terenie posesji dostępny jest monitorowany parking oraz zamykana przechowalnia na rowery i narty. W cenie pobytu goście mogą korzystać ze wspólnej strefy wypoczynkowej oraz tarasu widokowego.
79;DoubleTree by Hilton Kraków Hotel & Convention Center;Wynajem wakacyjny;2.67;Kameralny obiekt noclegowy oferujący gościom wysoki poziom prywatności oraz niezwykle ciepłą atmosferę. Każdy pokój posiada własną łazienkę, balkon, lodówkę oraz zestaw do parzenia kawy i herbaty. Na terenie posesji dostępny jest monitorowany parking oraz zamykana przechowalnia na rowery i narty. W cenie pobytu goście mogą korzystać ze wspólnej strefy wypoczynkowej oraz tarasu widokowego.
80;Aparthotel Royal Smart Apartments Cracow;Apartament;4.41;Nowoczesny apartament o podwyższonym standardzie, urządzony przez profesjonalnego projektanta wnętrz. Do dyspozycji gości oddajemy przestronny salon z telewizorem, osobną sypialnię oraz kompletnie wyposażoną kuchnię. Z dużych okien roztacza się ładny widok na architekturę, a klimatyzacja zapewnia komfort w upalne dni. Obiekt jest doskonałym wyborem zarówno dla par, jak i rodzin szukających wygody w rozsądnej cenie.
81;InPoint Smart Apartments;Apartament;2.57;Nowoczesny apartament o podwyższonym standardzie, urządzony przez profesjonalnego projektanta wnętrz. Do dyspozycji gości oddajemy przestronny salon z telewizorem, osobną sypialnię oraz kompletnie wyposażoną kuchnię. Z dużych okien roztacza się ładny widok na architekturę, a klimatyzacja zapewnia komfort w upalne dni. Obiekt jest doskonałym wyborem zarówno dla par, jak i rodzin szukających wygody w rozsądnej cenie.
82;Hotel Logos Kraków Centrum;Hotel;2.65;Kameralny obiekt noclegowy oferujący gościom wysoki poziom prywatności oraz niezwykle ciepłą atmosferę. Każdy pokój posiada własną łazienkę, balkon, lodówkę oraz zestaw do parzenia kawy i herbaty. Na terenie posesji dostępny jest monitorowany parking oraz zamykana przechowalnia na rowery i narty. W cenie pobytu goście mogą korzystać ze wspólnej strefy wypoczynkowej oraz tarasu widokowego.
83;ibis budget Kraków Stare Miasto;Boutique;4.40;Kameralny obiekt noclegowy oferujący gościom wysoki poziom prywatności oraz niezwykle ciepłą atmosferę. Każdy pokój posiada własną łazienkę, balkon, lodówkę oraz zestaw do parzenia kawy i herbaty. Na terenie posesji dostępny jest monitorowany parking oraz zamykana przechowalnia na rowery i narty. W cenie pobytu goście mogą korzystać ze wspólnej strefy wypoczynkowej oraz tarasu widokowego.
84;Apartament z jacuzzi Kraków Rynek;Apartament;1.37;Nowoczesny apartament o podwyższonym standardzie, urządzony przez profesjonalnego projektanta wnętrz. Do dyspozycji gości oddajemy przestronny salon z telewizorem, osobną sypialnię oraz kompletnie wyposażoną kuchnię. Z dużych okien roztacza się ładny widok na architekturę, a klimatyzacja zapewnia komfort w upalne dni. Obiekt jest doskonałym wyborem zarówno dla par, jak i rodzin szukających wygody w rozsądnej cenie.
85;Novotel Krakow Centrum;Boutique;2.90;Kameralny obiekt noclegowy oferujący gościom wysoki poziom prywatności oraz niezwykle ciepłą atmosferę. Każdy pokój posiada własną łazienkę, balkon, lodówkę oraz zestaw do parzenia kawy i herbaty. Na terenie posesji dostępny jest monitorowany parking oraz zamykana przechowalnia na rowery i narty. W cenie pobytu goście mogą korzystać ze wspólnej strefy wypoczynkowej oraz tarasu widokowego.
86;Exclusive Apartments | Krakow City Centre;Apartament;4.38;Nowoczesny apartament o podwyższonym standardzie, urządzony przez profesjonalnego projektanta wnętrz. Do dyspozycji gości oddajemy przestronny salon z telewizorem, osobną sypialnię oraz kompletnie wyposażoną kuchnię. Z dużych okien roztacza się ładny widok na architekturę, a klimatyzacja zapewnia komfort w upalne dni. Obiekt jest doskonałym wyborem zarówno dla par, jak i rodzin szukających wygody w rozsądnej cenie.
87;Stradom House Hotel & Spa, Autograph Collection;Hotel;1.46;Kameralny obiekt noclegowy oferujący gościom wysoki poziom prywatności oraz niezwykle ciepłą atmosferę. Każdy pokój posiada własną łazienkę, balkon, lodówkę oraz zestaw do parzenia kawy i herbaty. Na terenie posesji dostępny jest monitorowany parking oraz zamykana przechowalnia na rowery i narty. W cenie pobytu goście mogą korzystać ze wspólnej strefy wypoczynkowej oraz tarasu widokowego.
88;Hotel Mercure Kraków Stare Miasto;Wynajem wakacyjny;2.75;Kameralny obiekt noclegowy oferujący gościom wysoki poziom prywatności oraz niezwykle ciepłą atmosferę. Każdy pokój posiada własną łazienkę, balkon, lodówkę oraz zestaw do parzenia kawy i herbaty. Na terenie posesji dostępny jest monitorowany parking oraz zamykana przechowalnia na rowery i narty. W cenie pobytu goście mogą korzystać ze wspólnej strefy wypoczynkowej oraz tarasu widokowego.
89;Astra Katowice;B&B;4.41;Kameralny obiekt noclegowy oferujący gościom wysoki poziom prywatności oraz niezwykle ciepłą atmosferę. Każdy pokój posiada własną łazienkę, balkon, lodówkę oraz zestaw do parzenia kawy i herbaty. Na terenie posesji dostępny jest monitorowany parking oraz zamykana przechowalnia na rowery i narty. W cenie pobytu goście mogą korzystać ze wspólnej strefy wypoczynkowej oraz tarasu widokowego.
90;Mercure Katowice Centrum;Hotel;2.72;Kameralny obiekt noclegowy oferujący gościom wysoki poziom prywatności oraz niezwykle ciepłą atmosferę. Każdy pokój posiada własną łazienkę, balkon, lodówkę oraz zestaw do parzenia kawy i herbaty. Na terenie posesji dostępny jest monitorowany parking oraz zamykana przechowalnia na rowery i narty. W cenie pobytu goście mogą korzystać ze wspólnej strefy wypoczynkowej oraz tarasu widokowego.
91;Katowice Prestige;B&B;2.63;Kameralny obiekt noclegowy oferujący gościom wysoki poziom prywatności oraz niezwykle ciepłą atmosferę. Każdy pokój posiada własną łazienkę, balkon, lodówkę oraz zestaw do parzenia kawy i herbaty. Na terenie posesji dostępny jest monitorowany parking oraz zamykana przechowalnia na rowery i narty. W cenie pobytu goście mogą korzystać ze wspólnej strefy wypoczynkowej oraz tarasu widokowego.
92;Mia Mia House;B&B;2.84;Kameralny obiekt noclegowy oferujący gościom wysoki poziom prywatności oraz niezwykle ciepłą atmosferę. Każdy pokój posiada własną łazienkę, balkon, lodówkę oraz zestaw do parzenia kawy i herbaty. Na terenie posesji dostępny jest monitorowany parking oraz zamykana przechowalnia na rowery i narty. W cenie pobytu goście mogą korzystać ze wspólnej strefy wypoczynkowej oraz tarasu widokowego.
93;Aparthotel Superjednostka WoMark Katowice Spodek;Wynajem wakacyjny;2.90;Kameralny obiekt noclegowy oferujący gościom wysoki poziom prywatności oraz niezwykle ciepłą atmosferę. Każdy pokój posiada własną łazienkę, balkon, lodówkę oraz zestaw do parzenia kawy i herbaty. Na terenie posesji dostępny jest monitorowany parking oraz zamykana przechowalnia na rowery i narty. W cenie pobytu goście mogą korzystać ze wspólnej strefy wypoczynkowej oraz tarasu widokowego.
94;Novotel Katowice Centrum;Apartament;4.34;Nowoczesny apartament o podwyższonym standardzie, urządzony przez profesjonalnego projektanta wnętrz. Do dyspozycji gości oddajemy przestronny salon z telewizorem, osobną sypialnię oraz kompletnie wyposażoną kuchnię. Z dużych okien roztacza się ładny widok na architekturę, a klimatyzacja zapewnia komfort w upalne dni. Obiekt jest doskonałym wyborem zarówno dla par, jak i rodzin szukających wygody w rozsądnej cenie.
95;W1 Katowice;Apartament;4.40;Nowoczesny apartament o podwyższonym standardzie, urządzony przez profesjonalnego projektanta wnętrz. Do dyspozycji gości oddajemy przestronny salon z telewizorem, osobną sypialnię oraz kompletnie wyposażoną kuchnię. Z dużych okien roztacza się ładny widok na architekturę, a klimatyzacja zapewnia komfort w upalne dni. Obiekt jest doskonałym wyborem zarówno dla par, jak i rodzin szukających wygody w rozsądnej cenie.
96;Room4Rent - Apartments Katowice;Apartament;1.38;Nowoczesny apartament o podwyższonym standardzie, urządzony przez profesjonalnego projektanta wnętrz. Do dyspozycji gości oddajemy przestronny salon z telewizorem, osobną sypialnię oraz kompletnie wyposażoną kuchnię. Z dużych okien roztacza się ładny widok na architekturę, a klimatyzacja zapewnia komfort w upalne dni. Obiekt jest doskonałym wyborem zarówno dla par, jak i rodzin szukających wygody w rozsądnej cenie.
97;Courtyard by Marriott Katowice City Center;B&B;2.81;Kameralny obiekt noclegowy oferujący gościom wysoki poziom prywatności oraz niezwykle ciepłą atmosferę. Każdy pokój posiada własną łazienkę, balkon, lodówkę oraz zestaw do parzenia kawy i herbaty. Na terenie posesji dostępny jest monitorowany parking oraz zamykana przechowalnia na rowery i narty. W cenie pobytu goście mogą korzystać ze wspólnej strefy wypoczynkowej oraz tarasu widokowego.
98;KIMA Apartamenty Bażantów Katowice;Apartament;1.42;Nowoczesny apartament o podwyższonym standardzie, urządzony przez profesjonalnego projektanta wnętrz. Do dyspozycji gości oddajemy przestronny salon z telewizorem, osobną sypialnię oraz kompletnie wyposażoną kuchnię. Z dużych okien roztacza się ładny widok na architekturę, a klimatyzacja zapewnia komfort w upalne dni. Obiekt jest doskonałym wyborem zarówno dla par, jak i rodzin szukających wygody w rozsądnej cenie.
99;Apartamenty Katowice Młyńska 15;Apartament;1.43;Nowoczesny apartament o podwyższonym standardzie, urządzony przez profesjonalnego projektanta wnętrz. Do dyspozycji gości oddajemy przestronny salon z telewizorem, osobną sypialnię oraz kompletnie wyposażoną kuchnię. Z dużych okien roztacza się ładny widok na architekturę, a klimatyzacja zapewnia komfort w upalne dni. Obiekt jest doskonałym wyborem zarówno dla par, jak i rodzin szukających wygody w rozsądnej cenie.
100;ActivPark Apartments Katowice;Apartament;4.33;Nowoczesny apartament o podwyższonym standardzie, urządzony przez profesjonalnego projektanta wnętrz. Do dyspozycji gości oddajemy przestronny salon z telewizorem, osobną sypialnię oraz kompletnie wyposażoną kuchnię. Z dużych okien roztacza się ładny widok na architekturę, a klimatyzacja zapewnia komfort w upalne dni. Obiekt jest doskonałym wyborem zarówno dla par, jak i rodzin szukających wygody w rozsądnej cenie.
101;Apartamenty Hetmańska 4 Katowice;Apartament;2.77;Nowoczesny apartament o podwyższonym standardzie, urządzony przez profesjonalnego projektanta wnętrz. Do dyspozycji gości oddajemy przestronny salon z telewizorem, osobną sypialnię oraz kompletnie wyposażoną kuchnię. Z dużych okien roztacza się ładny widok na architekturę, a klimatyzacja zapewnia komfort w upalne dni. Obiekt jest doskonałym wyborem zarówno dla par, jak i rodzin szukających wygody w rozsądnej cenie.
102;KIMA Apartamenty Sobocińskiego Katowice;Apartament;1.38;Nowoczesny apartament o podwyższonym standardzie, urządzony przez profesjonalnego projektanta wnętrz. Do dyspozycji gości oddajemy przestronny salon z telewizorem, osobną sypialnię oraz kompletnie wyposażoną kuchnię. Z dużych okien roztacza się ładny widok na architekturę, a klimatyzacja zapewnia komfort w upalne dni. Obiekt jest doskonałym wyborem zarówno dla par, jak i rodzin szukających wygody w rozsądnej cenie.
103;Spodek by Kairos Apartments;Apartament;4.50;Nowoczesny apartament o podwyższonym standardzie, urządzony przez profesjonalnego projektanta wnętrz. Do dyspozycji gości oddajemy przestronny salon z telewizorem, osobną sypialnię oraz kompletnie wyposażoną kuchnię. Z dużych okien roztacza się ładny widok na architekturę, a klimatyzacja zapewnia komfort w upalne dni. Obiekt jest doskonałym wyborem zarówno dla par, jak i rodzin szukających wygody w rozsądnej cenie.
104;Bulvar by Kairos Apartments;Apartament;4.34;Nowoczesny apartament o podwyższonym standardzie, urządzony przez profesjonalnego projektanta wnętrz. Do dyspozycji gości oddajemy przestronny salon z telewizorem, osobną sypialnię oraz kompletnie wyposażoną kuchnię. Z dużych okien roztacza się ładny widok na architekturę, a klimatyzacja zapewnia komfort w upalne dni. Obiekt jest doskonałym wyborem zarówno dla par, jak i rodzin szukających wygody w rozsądnej cenie.
105;euroHOTEL Katowice Premium;Apartament;1.42;Nowoczesny apartament o podwyższonym standardzie, urządzony przez profesjonalnego projektanta wnętrz. Do dyspozycji gości oddajemy przestronny salon z telewizorem, osobną sypialnię oraz kompletnie wyposażoną kuchnię. Z dużych okien roztacza się ładny widok na architekturę, a klimatyzacja zapewnia komfort w upalne dni. Obiekt jest doskonałym wyborem zarówno dla par, jak i rodzin szukających wygody w rozsądnej cenie.
106;MDA Katowice Apartments;Apartament;4.34;Nowoczesny apartament o podwyższonym standardzie, urządzony przez profesjonalnego projektanta wnętrz. Do dyspozycji gości oddajemy przestronny salon z telewizorem, osobną sypialnię oraz kompletnie wyposażoną kuchnię. Z dużych okien roztacza się ładny widok na architekturę, a klimatyzacja zapewnia komfort w upalne dni. Obiekt jest doskonałym wyborem zarówno dla par, jak i rodzin szukających wygody w rozsądnej cenie.
107;Deja Vu Residence;Hotel;4.36;Kameralny obiekt noclegowy oferujący gościom wysoki poziom prywatności oraz niezwykle ciepłą atmosferę. Każdy pokój posiada własną łazienkę, balkon, lodówkę oraz zestaw do parzenia kawy i herbaty. Na terenie posesji dostępny jest monitorowany parking oraz zamykana przechowalnia na rowery i narty. W cenie pobytu goście mogą korzystać ze wspólnej strefy wypoczynkowej oraz tarasu widokowego.
108;Vienna House Andel`s Łódź;Apartament;2.78;Nowoczesny apartament o podwyższonym standardzie, urządzony przez profesjonalnego projektanta wnętrz. Do dyspozycji gości oddajemy przestronny salon z telewizorem, osobną sypialnię oraz kompletnie wyposażoną kuchnię. Z dużych okien roztacza się ładny widok na architekturę, a klimatyzacja zapewnia komfort w upalne dni. Obiekt jest doskonałym wyborem zarówno dla par, jak i rodzin szukających wygody w rozsądnej cenie.
109;Hampton by Hilton Łódź City Center;B&B;2.73;Kameralny obiekt noclegowy oferujący gościom wysoki poziom prywatności oraz niezwykle ciepłą atmosferę. Każdy pokój posiada własną łazienkę, balkon, lodówkę oraz zestaw do parzenia kawy i herbaty. Na terenie posesji dostępny jest monitorowany parking oraz zamykana przechowalnia na rowery i narty. W cenie pobytu goście mogą korzystać ze wspólnej strefy wypoczynkowej oraz tarasu widokowego.
110;DoubleTree by Hilton Łódź;Apartament;4.41;Nowoczesny apartament o podwyższonym standardzie, urządzony przez profesjonalnego projektanta wnętrz. Do dyspozycji gości oddajemy przestronny salon z telewizorem, osobną sypialnię oraz kompletnie wyposażoną kuchnię. Z dużych okien roztacza się ładny widok na architekturę, a klimatyzacja zapewnia komfort w upalne dni. Obiekt jest doskonałym wyborem zarówno dla par, jak i rodzin szukających wygody w rozsądnej cenie.
111;Novotel;Hotel;2.83;Kameralny obiekt noclegowy oferujący gościom wysoki poziom prywatności oraz niezwykle ciepłą atmosferę. Każdy pokój posiada własną łazienkę, balkon, lodówkę oraz zestaw do parzenia kawy i herbaty. Na terenie posesji dostępny jest monitorowany parking oraz zamykana przechowalnia na rowery i narty. W cenie pobytu goście mogą korzystać ze wspólnej strefy wypoczynkowej oraz tarasu widokowego.
112;Marilyn Apartment Łódź;Apartament;1.34;Nowoczesny apartament o podwyższonym standardzie, urządzony przez profesjonalnego projektanta wnętrz. Do dyspozycji gości oddajemy przestronny salon z telewizorem, osobną sypialnię oraz kompletnie wyposażoną kuchnię. Z dużych okien roztacza się ładny widok na architekturę, a klimatyzacja zapewnia komfort w upalne dni. Obiekt jest doskonałym wyborem zarówno dla par, jak i rodzin szukających wygody w rozsądnej cenie.
113;Hotel ibis;B&B;2.81;Kameralny obiekt noclegowy oferujący gościom wysoki poziom prywatności oraz niezwykle ciepłą atmosferę. Każdy pokój posiada własną łazienkę, balkon, lodówkę oraz zestaw do parzenia kawy i herbaty. Na terenie posesji dostępny jest monitorowany parking oraz zamykana przechowalnia na rowery i narty. W cenie pobytu goście mogą korzystać ze wspólnej strefy wypoczynkowej oraz tarasu widokowego.
114;Szkolne Schronisko Młodzieżowe w Łodzi;Schronisko;4.44;Kameralny obiekt noclegowy oferujący gościom wysoki poziom prywatności oraz niezwykle ciepłą atmosferę. Każdy pokój posiada własną łazienkę, balkon, lodówkę oraz zestaw do parzenia kawy i herbaty. Na terenie posesji dostępny jest monitorowany parking oraz zamykana przechowalnia na rowery i narty. W cenie pobytu goście mogą korzystać ze wspólnej strefy wypoczynkowej oraz tarasu widokowego.
115;B&B HOTEL Łódź Centrum;B&B;4.38;Kameralny obiekt noclegowy oferujący gościom wysoki poziom prywatności oraz niezwykle ciepłą atmosferę. Każdy pokój posiada własną łazienkę, balkon, lodówkę oraz zestaw do parzenia kawy i herbaty. Na terenie posesji dostępny jest monitorowany parking oraz zamykana przechowalnia na rowery i narty. W cenie pobytu goście mogą korzystać ze wspólnej strefy wypoczynkowej oraz tarasu widokowego.
116;PURO Łódź Centrum;Hotel;4.37;Kameralny obiekt noclegowy oferujący gościom wysoki poziom prywatności oraz niezwykle ciepłą atmosferę. Każdy pokój posiada własną łazienkę, balkon, lodówkę oraz zestaw do parzenia kawy i herbaty. Na terenie posesji dostępny jest monitorowany parking oraz zamykana przechowalnia na rowery i narty. W cenie pobytu goście mogą korzystać ze wspólnej strefy wypoczynkowej oraz tarasu widokowego.
117;Arthouse - apartamenty na wynajem / Łódź-Bałuty / okolice Manufaktury / dostęp zdalny na kody;Apartament;2.77;Nowoczesny apartament o podwyższonym standardzie, urządzony przez profesjonalnego projektanta wnętrz. Do dyspozycji gości oddajemy przestronny salon z telewizorem, osobną sypialnię oraz kompletnie wyposażoną kuchnię. Z dużych okien roztacza się ładny widok na architekturę, a klimatyzacja zapewnia komfort w upalne dni. Obiekt jest doskonałym wyborem zarówno dla par, jak i rodzin szukających wygody w rozsądnej cenie.
118;Łódź;Boutique;4.37;Kameralny obiekt noclegowy oferujący gościom wysoki poziom prywatności oraz niezwykle ciepłą atmosferę. Każdy pokój posiada własną łazienkę, balkon, lodówkę oraz zestaw do parzenia kawy i herbaty. Na terenie posesji dostępny jest monitorowany parking oraz zamykana przechowalnia na rowery i narty. W cenie pobytu goście mogą korzystać ze wspólnej strefy wypoczynkowej oraz tarasu widokowego.
119;ApartHouse Łódź;Wynajem wakacyjny;2.79;Kameralny obiekt noclegowy oferujący gościom wysoki poziom prywatności oraz niezwykle ciepłą atmosferę. Każdy pokój posiada własną łazienkę, balkon, lodówkę oraz zestaw do parzenia kawy i herbaty. Na terenie posesji dostępny jest monitorowany parking oraz zamykana przechowalnia na rowery i narty. W cenie pobytu goście mogą korzystać ze wspólnej strefy wypoczynkowej oraz tarasu widokowego.
120;Royal ApartHotel;Apartament;2.71;Nowoczesny apartament o podwyższonym standardzie, urządzony przez profesjonalnego projektanta wnętrz. Do dyspozycji gości oddajemy przestronny salon z telewizorem, osobną sypialnię oraz kompletnie wyposażoną kuchnię. Z dużych okien roztacza się ładny widok na architekturę, a klimatyzacja zapewnia komfort w upalne dni. Obiekt jest doskonałym wyborem zarówno dla par, jak i rodzin szukających wygody w rozsądnej cenie.
121;Holiday Inn Łódź;Wynajem wakacyjny;2.92;Kameralny obiekt noclegowy oferujący gościom wysoki poziom prywatności oraz niezwykle ciepłą atmosferę. Każdy pokój posiada własną łazienkę, balkon, lodówkę oraz zestaw do parzenia kawy i herbaty. Na terenie posesji dostępny jest monitorowany parking oraz zamykana przechowalnia na rowery i narty. W cenie pobytu goście mogą korzystać ze wspólnej strefy wypoczynkowej oraz tarasu widokowego.
122;Hidden Garden Apartments;Apartament;4.51;Nowoczesny apartament o podwyższonym standardzie, urządzony przez profesjonalnego projektanta wnętrz. Do dyspozycji gości oddajemy przestronny salon z telewizorem, osobną sypialnię oraz kompletnie wyposażoną kuchnię. Z dużych okien roztacza się ładny widok na architekturę, a klimatyzacja zapewnia komfort w upalne dni. Obiekt jest doskonałym wyborem zarówno dla par, jak i rodzin szukających wygody w rozsądnej cenie.
123;BDSM Apartamenty Bast Grey Manufaktura City Center;Apartament;2.77;Nowoczesny apartament o podwyższonym standardzie, urządzony przez profesjonalnego projektanta wnętrz. Do dyspozycji gości oddajemy przestronny salon z telewizorem, osobną sypialnię oraz kompletnie wyposażoną kuchnię. Z dużych okien roztacza się ładny widok na architekturę, a klimatyzacja zapewnia komfort w upalne dni. Obiekt jest doskonałym wyborem zarówno dla par, jak i rodzin szukających wygody w rozsądnej cenie.
124;Hotel Mazowiecki Łódź;Wynajem wakacyjny;4.47;Kameralny obiekt noclegowy oferujący gościom wysoki poziom prywatności oraz niezwykle ciepłą atmosferę. Każdy pokój posiada własną łazienkę, balkon, lodówkę oraz zestaw do parzenia kawy i herbaty. Na terenie posesji dostępny jest monitorowany parking oraz zamykana przechowalnia na rowery i narty. W cenie pobytu goście mogą korzystać ze wspólnej strefy wypoczynkowej oraz tarasu widokowego.
125;Sheraton Poznan Hotel;Hotel;2.75;Kameralny obiekt noclegowy oferujący gościom wysoki poziom prywatności oraz niezwykle ciepłą atmosferę. Każdy pokój posiada własną łazienkę, balkon, lodówkę oraz zestaw do parzenia kawy i herbaty. Na terenie posesji dostępny jest monitorowany parking oraz zamykana przechowalnia na rowery i narty. W cenie pobytu goście mogą korzystać ze wspólnej strefy wypoczynkowej oraz tarasu widokowego.
126;Hotel Mercure Poznań Centrum;B&B;2.71;Kameralny obiekt noclegowy oferujący gościom wysoki poziom prywatności oraz niezwykle ciepłą atmosferę. Każdy pokój posiada własną łazienkę, balkon, lodówkę oraz zestaw do parzenia kawy i herbaty. Na terenie posesji dostępny jest monitorowany parking oraz zamykana przechowalnia na rowery i narty. W cenie pobytu goście mogą korzystać ze wspólnej strefy wypoczynkowej oraz tarasu widokowego.
127;City Park Hotel & Residence Poznań;Boutique;1.41;Kameralny obiekt noclegowy oferujący gościom wysoki poziom prywatności oraz niezwykle ciepłą atmosferę. Każdy pokój posiada własną łazienkę, balkon, lodówkę oraz zestaw do parzenia kawy i herbaty. Na terenie posesji dostępny jest monitorowany parking oraz zamykana przechowalnia na rowery i narty. W cenie pobytu goście mogą korzystać ze wspólnej strefy wypoczynkowej oraz tarasu widokowego.
128;Apartamenty Poznań Stare Miasto Browar Półwiejska 37;Apartament;2.81;Nowoczesny apartament o podwyższonym standardzie, urządzony przez profesjonalnego projektanta wnętrz. Do dyspozycji gości oddajemy przestronny salon z telewizorem, osobną sypialnię oraz kompletnie wyposażoną kuchnię. Z dużych okien roztacza się ładny widok na architekturę, a klimatyzacja zapewnia komfort w upalne dni. Obiekt jest doskonałym wyborem zarówno dla par, jak i rodzin szukających wygody w rozsądnej cenie.
129;Villa Wilda;B&B;4.43;Kameralny obiekt noclegowy oferujący gościom wysoki poziom prywatności oraz niezwykle ciepłą atmosferę. Każdy pokój posiada własną łazienkę, balkon, lodówkę oraz zestaw do parzenia kawy i herbaty. Na terenie posesji dostępny jest monitorowany parking oraz zamykana przechowalnia na rowery i narty. W cenie pobytu goście mogą korzystać ze wspólnej strefy wypoczynkowej oraz tarasu widokowego.
130;Andersia Hotel;Apartament;2.80;Nowoczesny apartament o podwyższonym standardzie, urządzony przez profesjonalnego projektanta wnętrz. Do dyspozycji gości oddajemy przestronny salon z telewizorem, osobną sypialnię oraz kompletnie wyposażoną kuchnię. Z dużych okien roztacza się ładny widok na architekturę, a klimatyzacja zapewnia komfort w upalne dni. Obiekt jest doskonałym wyborem zarówno dla par, jak i rodzin szukających wygody w rozsądnej cenie.
131;B&B HOTEL Poznań Old Town;B&B;2.91;Kameralny obiekt noclegowy oferujący gościom wysoki poziom prywatności oraz niezwykle ciepłą atmosferę. Każdy pokój posiada własną łazienkę, balkon, lodówkę oraz zestaw do parzenia kawy i herbaty. Na terenie posesji dostępny jest monitorowany parking oraz zamykana przechowalnia na rowery i narty. W cenie pobytu goście mogą korzystać ze wspólnej strefy wypoczynkowej oraz tarasu widokowego.
132;SUPER-APARTAMENTY POZNAŃ CITY PARK - Ekskluzywne - Luksusowe - Jacuzzi - Basen - Sauna;Apartament;4.38;Nowoczesny apartament o podwyższonym standardzie, urządzony przez profesjonalnego projektanta wnętrz. Do dyspozycji gości oddajemy przestronny salon z telewizorem, osobną sypialnię oraz kompletnie wyposażoną kuchnię. Z dużych okien roztacza się ładny widok na architekturę, a klimatyzacja zapewnia komfort w upalne dni. Obiekt jest doskonałym wyborem zarówno dla par, jak i rodzin szukających wygody w rozsądnej cenie.
133;Poznań Apartments Towarowa;Apartament;4.38;Nowoczesny apartament o podwyższonym standardzie, urządzony przez profesjonalnego projektanta wnętrz. Do dyspozycji gości oddajemy przestronny salon z telewizorem, osobną sypialnię oraz kompletnie wyposażoną kuchnię. Z dużych okien roztacza się ładny widok na architekturę, a klimatyzacja zapewnia komfort w upalne dni. Obiekt jest doskonałym wyborem zarówno dla par, jak i rodzin szukających wygody w rozsądnej cenie.
134;Hotel ibis Poznań Stare Miasto;Wynajem wakacyjny;2.79;Kameralny obiekt noclegowy oferujący gościom wysoki poziom prywatności oraz niezwykle ciepłą atmosferę. Każdy pokój posiada własną łazienkę, balkon, lodówkę oraz zestaw do parzenia kawy i herbaty. Na terenie posesji dostępny jest monitorowany parking oraz zamykana przechowalnia na rowery i narty. W cenie pobytu goście mogą korzystać ze wspólnej strefy wypoczynkowej oraz tarasu widokowego.
135;Traffic Hotel Stare Miasto;Boutique;1.43;Kameralny obiekt noclegowy oferujący gościom wysoki poziom prywatności oraz niezwykle ciepłą atmosferę. Każdy pokój posiada własną łazienkę, balkon, lodówkę oraz zestaw do parzenia kawy i herbaty. Na terenie posesji dostępny jest monitorowany parking oraz zamykana przechowalnia na rowery i narty. W cenie pobytu goście mogą korzystać ze wspólnej strefy wypoczynkowej oraz tarasu widokowego.
136;Novotel Poznań Centrum;B&B;2.80;Kameralny obiekt noclegowy oferujący gościom wysoki poziom prywatności oraz niezwykle ciepłą atmosferę. Każdy pokój posiada własną łazienkę, balkon, lodówkę oraz zestaw do parzenia kawy i herbaty. Na terenie posesji dostępny jest monitorowany parking oraz zamykana przechowalnia na rowery i narty. W cenie pobytu goście mogą korzystać ze wspólnej strefy wypoczynkowej oraz tarasu widokowego.
137;Hotel Palazzo Rosso Old Town;B&B;4.33;Kameralny obiekt noclegowy oferujący gościom wysoki poziom prywatności oraz niezwykle ciepłą atmosferę. Każdy pokój posiada własną łazienkę, balkon, lodówkę oraz zestaw do parzenia kawy i herbaty. Na terenie posesji dostępny jest monitorowany parking oraz zamykana przechowalnia na rowery i narty. W cenie pobytu goście mogą korzystać ze wspólnej strefy wypoczynkowej oraz tarasu widokowego.
138;Liza Lux Apartments Old Town;Apartament;2.77;Nowoczesny apartament o podwyższonym standardzie, urządzony przez profesjonalnego projektanta wnętrz. Do dyspozycji gości oddajemy przestronny salon z telewizorem, osobną sypialnię oraz kompletnie wyposażoną kuchnię. Z dużych okien roztacza się ładny widok na architekturę, a klimatyzacja zapewnia komfort w upalne dni. Obiekt jest doskonałym wyborem zarówno dla par, jak i rodzin szukających wygody w rozsądnej cenie.
139;ibis Poznan Centrum;Boutique;2.90;Kameralny obiekt noclegowy oferujący gościom wysoki poziom prywatności oraz niezwykle ciepłą atmosferę. Każdy pokój posiada własną łazienkę, balkon, lodówkę oraz zestaw do parzenia kawy i herbaty. Na terenie posesji dostępny jest monitorowany parking oraz zamykana przechowalnia na rowery i narty. W cenie pobytu goście mogą korzystać ze wspólnej strefy wypoczynkowej oraz tarasu widokowego.
140;Hampton By Hilton Poznań Old Town;Hotel;4.38;Kameralny obiekt noclegowy oferujący gościom wysoki poziom prywatności oraz niezwykle ciepłą atmosferę. Każdy pokój posiada własną łazienkę, balkon, lodówkę oraz zestaw do parzenia kawy i herbaty. Na terenie posesji dostępny jest monitorowany parking oraz zamykana przechowalnia na rowery i narty. W cenie pobytu goście mogą korzystać ze wspólnej strefy wypoczynkowej oraz tarasu widokowego.
141;Hotel Włoski;Boutique;2.75;Kameralny obiekt noclegowy oferujący gościom wysoki poziom prywatności oraz niezwykle ciepłą atmosferę. Każdy pokój posiada własną łazienkę, balkon, lodówkę oraz zestaw do parzenia kawy i herbaty. Na terenie posesji dostępny jest monitorowany parking oraz zamykana przechowalnia na rowery i narty. W cenie pobytu goście mogą korzystać ze wspólnej strefy wypoczynkowej oraz tarasu widokowego.
142;myNEST Apartments | Hotel Poznań Centrum;Apartament;4.41;Nowoczesny apartament o podwyższonym standardzie, urządzony przez profesjonalnego projektanta wnętrz. Do dyspozycji gości oddajemy przestronny salon z telewizorem, osobną sypialnię oraz kompletnie wyposażoną kuchnię. Z dużych okien roztacza się ładny widok na architekturę, a klimatyzacja zapewnia komfort w upalne dni. Obiekt jest doskonałym wyborem zarówno dla par, jak i rodzin szukających wygody w rozsądnej cenie.
143;InterContinental;Boutique;4.44;Kameralny obiekt noclegowy oferujący gościom wysoki poziom prywatności oraz niezwykle ciepłą atmosferę. Każdy pokój posiada własną łazienkę, balkon, lodówkę oraz zestaw do parzenia kawy i herbaty. Na terenie posesji dostępny jest monitorowany parking oraz zamykana przechowalnia na rowery i narty. W cenie pobytu goście mogą korzystać ze wspólnej strefy wypoczynkowej oraz tarasu widokowego.
144;Royal Tulip Warsaw Centre;Boutique;4.40;Kameralny obiekt noclegowy oferujący gościom wysoki poziom prywatności oraz niezwykle ciepłą atmosferę. Każdy pokój posiada własną łazienkę, balkon, lodówkę oraz zestaw do parzenia kawy i herbaty. Na terenie posesji dostępny jest monitorowany parking oraz zamykana przechowalnia na rowery i narty. W cenie pobytu goście mogą korzystać ze wspólnej strefy wypoczynkowej oraz tarasu widokowego.
145;Apartments Prestige Centre;Apartament;4.55;Nowoczesny apartament o podwyższonym standardzie, urządzony przez profesjonalnego projektanta wnętrz. Do dyspozycji gości oddajemy przestronny salon z telewizorem, osobną sypialnię oraz kompletnie wyposażoną kuchnię. Z dużych okien roztacza się ładny widok na architekturę, a klimatyzacja zapewnia komfort w upalne dni. Obiekt jest doskonałym wyborem zarówno dla par, jak i rodzin szukających wygody w rozsądnej cenie.
146;Raffles Europejski;Wynajem wakacyjny;2.75;Kameralny obiekt noclegowy oferujący gościom wysoki poziom prywatności oraz niezwykle ciepłą atmosferę. Każdy pokój posiada własną łazienkę, balkon, lodówkę oraz zestaw do parzenia kawy i herbaty. Na terenie posesji dostępny jest monitorowany parking oraz zamykana przechowalnia na rowery i narty. W cenie pobytu goście mogą korzystać ze wspólnej strefy wypoczynkowej oraz tarasu widokowego.
147;Luxury AAA STAY Apartments Old Town;Apartament;4.37;Nowoczesny apartament o podwyższonym standardzie, urządzony przez profesjonalnego projektanta wnętrz. Do dyspozycji gości oddajemy przestronny salon z telewizorem, osobną sypialnię oraz kompletnie wyposażoną kuchnię. Z dużych okien roztacza się ładny widok na architekturę, a klimatyzacja zapewnia komfort w upalne dni. Obiekt jest doskonałym wyborem zarówno dla par, jak i rodzin szukających wygody w rozsądnej cenie.
148;Jess Hotel & Spa Warsaw Old Town;Apartament;2.83;Nowoczesny apartament o podwyższonym standardzie, urządzony przez profesjonalnego projektanta wnętrz. Do dyspozycji gości oddajemy przestronny salon z telewizorem, osobną sypialnię oraz kompletnie wyposażoną kuchnię. Z dużych okien roztacza się ładny widok na architekturę, a klimatyzacja zapewnia komfort w upalne dni. Obiekt jest doskonałym wyborem zarówno dla par, jak i rodzin szukających wygody w rozsądnej cenie.
149;Sofitel Warszawa Victoria;Apartament;4.50;Nowoczesny apartament o podwyższonym standardzie, urządzony przez profesjonalnego projektanta wnętrz. Do dyspozycji gości oddajemy przestronny salon z telewizorem, osobną sypialnię oraz kompletnie wyposażoną kuchnię. Z dużych okien roztacza się ładny widok na architekturę, a klimatyzacja zapewnia komfort w upalne dni. Obiekt jest doskonałym wyborem zarówno dla par, jak i rodzin szukających wygody w rozsądnej cenie.
150;Crowne Plaza;Hotel;4.42;Kameralny obiekt noclegowy oferujący gościom wysoki poziom prywatności oraz niezwykle ciepłą atmosferę. Każdy pokój posiada własną łazienkę, balkon, lodówkę oraz zestaw do parzenia kawy i herbaty. Na terenie posesji dostępny jest monitorowany parking oraz zamykana przechowalnia na rowery i narty. W cenie pobytu goście mogą korzystać ze wspólnej strefy wypoczynkowej oraz tarasu widokowego.
151;Vienna House by Wyndham Mokotow Warsaw;Wynajem wakacyjny;2.79;Kameralny obiekt noclegowy oferujący gościom wysoki poziom prywatności oraz niezwykle ciepłą atmosferę. Każdy pokój posiada własną łazienkę, balkon, lodówkę oraz zestaw do parzenia kawy i herbaty. Na terenie posesji dostępny jest monitorowany parking oraz zamykana przechowalnia na rowery i narty. W cenie pobytu goście mogą korzystać ze wspólnej strefy wypoczynkowej oraz tarasu widokowego.
152;City Break Wolska Aparthotel;Apartament;2.85;Nowoczesny apartament o podwyższonym standardzie, urządzony przez profesjonalnego projektanta wnętrz. Do dyspozycji gości oddajemy przestronny salon z telewizorem, osobną sypialnię oraz kompletnie wyposażoną kuchnię. Z dużych okien roztacza się ładny widok na architekturę, a klimatyzacja zapewnia komfort w upalne dni. Obiekt jest doskonałym wyborem zarówno dla par, jak i rodzin szukających wygody w rozsądnej cenie.
153;Novotel Warszawa Centrum;Hotel;4.20;Kameralny obiekt noclegowy oferujący gościom wysoki poziom prywatności oraz niezwykle ciepłą atmosferę. Każdy pokój posiada własną łazienkę, balkon, lodówkę oraz zestaw do parzenia kawy i herbaty. Na terenie posesji dostępny jest monitorowany parking oraz zamykana przechowalnia na rowery i narty. W cenie pobytu goście mogą korzystać ze wspólnej strefy wypoczynkowej oraz tarasu widokowego.
154;Polonia Palace Hotel;Boutique;2.78;Kameralny obiekt noclegowy oferujący gościom wysoki poziom prywatności oraz niezwykle ciepłą atmosferę. Każdy pokój posiada własną łazienkę, balkon, lodówkę oraz zestaw do parzenia kawy i herbaty. Na terenie posesji dostępny jest monitorowany parking oraz zamykana przechowalnia na rowery i narty. W cenie pobytu goście mogą korzystać ze wspólnej strefy wypoczynkowej oraz tarasu widokowego.
155;Warsaw Premium Apartments;Apartament;2.74;Nowoczesny apartament o podwyższonym standardzie, urządzony przez profesjonalnego projektanta wnętrz. Do dyspozycji gości oddajemy przestronny salon z telewizorem, osobną sypialnię oraz kompletnie wyposażoną kuchnię. Z dużych okien roztacza się ładny widok na architekturę, a klimatyzacja zapewnia komfort w upalne dni. Obiekt jest doskonałym wyborem zarówno dla par, jak i rodzin szukających wygody w rozsądnej cenie.
156;Platinum Residence;Wynajem wakacyjny;2.91;Kameralny obiekt noclegowy oferujący gościom wysoki poziom prywatności oraz niezwykle ciepłą atmosferę. Każdy pokój posiada własną łazienkę, balkon, lodówkę oraz zestaw do parzenia kawy i herbaty. Na terenie posesji dostępny jest monitorowany parking oraz zamykana przechowalnia na rowery i narty. W cenie pobytu goście mogą korzystać ze wspólnej strefy wypoczynkowej oraz tarasu widokowego.
157;Barceló Warsaw Powiśle;B&B;4.41;Kameralny obiekt noclegowy oferujący gościom wysoki poziom prywatności oraz niezwykle ciepłą atmosferę. Każdy pokój posiada własną łazienkę, balkon, lodówkę oraz zestaw do parzenia kawy i herbaty. Na terenie posesji dostępny jest monitorowany parking oraz zamykana przechowalnia na rowery i narty. W cenie pobytu goście mogą korzystać ze wspólnej strefy wypoczynkowej oraz tarasu widokowego.
158;Warsaw Center.Apartment .Central Railway Station;Apartament;2.83;Nowoczesny apartament o podwyższonym standardzie, urządzony przez profesjonalnego projektanta wnętrz. Do dyspozycji gości oddajemy przestronny salon z telewizorem, osobną sypialnię oraz kompletnie wyposażoną kuchnię. Z dużych okien roztacza się ładny widok na architekturę, a klimatyzacja zapewnia komfort w upalne dni. Obiekt jest doskonałym wyborem zarówno dla par, jak i rodzin szukających wygody w rozsądnej cenie.
159;ibis Warszawa Centrum;B&B;2.61;Kameralny obiekt noclegowy oferujący gościom wysoki poziom prywatności oraz niezwykle ciepłą atmosferę. Każdy pokój posiada własną łazienkę, balkon, lodówkę oraz zestaw do parzenia kawy i herbaty. Na terenie posesji dostępny jest monitorowany parking oraz zamykana przechowalnia na rowery i narty. W cenie pobytu goście mogą korzystać ze wspólnej strefy wypoczynkowej oraz tarasu widokowego.
160;Arche Hotel Poloneza Warszawa;Apartament;4.48;Nowoczesny apartament o podwyższonym standardzie, urządzony przez profesjonalnego projektanta wnętrz. Do dyspozycji gości oddajemy przestronny salon z telewizorem, osobną sypialnię oraz kompletnie wyposażoną kuchnię. Z dużych okien roztacza się ładny widok na architekturę, a klimatyzacja zapewnia komfort w upalne dni. Obiekt jest doskonałym wyborem zarówno dla par, jak i rodzin szukających wygody w rozsądnej cenie.
161;Novotel Wrocław Centrum;Hotel;4.39;Kameralny obiekt noclegowy oferujący gościom wysoki poziom prywatności oraz niezwykle ciepłą atmosferę. Każdy pokój posiada własną łazienkę, balkon, lodówkę oraz zestaw do parzenia kawy i herbaty. Na terenie posesji dostępny jest monitorowany parking oraz zamykana przechowalnia na rowery i narty. W cenie pobytu goście mogą korzystać ze wspólnej strefy wypoczynkowej oraz tarasu widokowego.
162;Hotel Altus Palace - Destigo Hotels;Apartament;1.42;Nowoczesny apartament o podwyższonym standardzie, urządzony przez profesjonalnego projektanta wnętrz. Do dyspozycji gości oddajemy przestronny salon z telewizorem, osobną sypialnię oraz kompletnie wyposażoną kuchnię. Z dużych okien roztacza się ładny widok na architekturę, a klimatyzacja zapewnia komfort w upalne dni. Obiekt jest doskonałym wyborem zarówno dla par, jak i rodzin szukających wygody w rozsądnej cenie.
163;Absyntapart;Apartament;2.68;Nowoczesny apartament o podwyższonym standardzie, urządzony przez profesjonalnego projektanta wnętrz. Do dyspozycji gości oddajemy przestronny salon z telewizorem, osobną sypialnię oraz kompletnie wyposażoną kuchnię. Z dużych okien roztacza się ładny widok na architekturę, a klimatyzacja zapewnia komfort w upalne dni. Obiekt jest doskonałym wyborem zarówno dla par, jak i rodzin szukających wygody w rozsądnej cenie.
164;Mercure Wrocław Centrum;Boutique;4.43;Kameralny obiekt noclegowy oferujący gościom wysoki poziom prywatności oraz niezwykle ciepłą atmosferę. Każdy pokój posiada własną łazienkę, balkon, lodówkę oraz zestaw do parzenia kawy i herbaty. Na terenie posesji dostępny jest monitorowany parking oraz zamykana przechowalnia na rowery i narty. W cenie pobytu goście mogą korzystać ze wspólnej strefy wypoczynkowej oraz tarasu widokowego.
165;DoubleTree by Hilton Hotel Wroclaw;Apartament;1.34;Nowoczesny apartament o podwyższonym standardzie, urządzony przez profesjonalnego projektanta wnętrz. Do dyspozycji gości oddajemy przestronny salon z telewizorem, osobną sypialnię oraz kompletnie wyposażoną kuchnię. Z dużych okien roztacza się ładny widok na architekturę, a klimatyzacja zapewnia komfort w upalne dni. Obiekt jest doskonałym wyborem zarówno dla par, jak i rodzin szukających wygody w rozsądnej cenie.
166;Absyntapart Bulwar Staromiejski;Boutique;4.40;Kameralny obiekt noclegowy oferujący gościom wysoki poziom prywatności oraz niezwykle ciepłą atmosferę. Każdy pokój posiada własną łazienkę, balkon, lodówkę oraz zestaw do parzenia kawy i herbaty. Na terenie posesji dostępny jest monitorowany parking oraz zamykana przechowalnia na rowery i narty. W cenie pobytu goście mogą korzystać ze wspólnej strefy wypoczynkowej oraz tarasu widokowego.
167;Apartimento Bulvar;Hotel;4.50;Kameralny obiekt noclegowy oferujący gościom wysoki poziom prywatności oraz niezwykle ciepłą atmosferę. Każdy pokój posiada własną łazienkę, balkon, lodówkę oraz zestaw do parzenia kawy i herbaty. Na terenie posesji dostępny jest monitorowany parking oraz zamykana przechowalnia na rowery i narty. W cenie pobytu goście mogą korzystać ze wspólnej strefy wypoczynkowej oraz tarasu widokowego.
168;B&B HOTEL Wrocław Centrum;B&B;4.43;Kameralny obiekt noclegowy oferujący gościom wysoki poziom prywatności oraz niezwykle ciepłą atmosferę. Każdy pokój posiada własną łazienkę, balkon, lodówkę oraz zestaw do parzenia kawy i herbaty. Na terenie posesji dostępny jest monitorowany parking oraz zamykana przechowalnia na rowery i narty. W cenie pobytu goście mogą korzystać ze wspólnej strefy wypoczynkowej oraz tarasu widokowego.
169;Sky Tower Wrocław - Apartamenty z jacuzzi | In The Sky Apartments;Apartament;2.75;Nowoczesny apartament o podwyższonym standardzie, urządzony przez profesjonalnego projektanta wnętrz. Do dyspozycji gości oddajemy przestronny salon z telewizorem, osobną sypialnię oraz kompletnie wyposażoną kuchnię. Z dużych okien roztacza się ładny widok na architekturę, a klimatyzacja zapewnia komfort w upalne dni. Obiekt jest doskonałym wyborem zarówno dla par, jak i rodzin szukających wygody w rozsądnej cenie.
170;Element by Marriott Wroclaw;Wynajem wakacyjny;4.46;Kameralny obiekt noclegowy oferujący gościom wysoki poziom prywatności oraz niezwykle ciepłą atmosferę. Każdy pokój posiada własną łazienkę, balkon, lodówkę oraz zestaw do parzenia kawy i herbaty. Na terenie posesji dostępny jest monitorowany parking oraz zamykana przechowalnia na rowery i narty. W cenie pobytu goście mogą korzystać ze wspólnej strefy wypoczynkowej oraz tarasu widokowego.
171;Klubokawiarnia Mleczarnia;Boutique;4.40;Kameralny obiekt noclegowy oferujący gościom wysoki poziom prywatności oraz niezwykle ciepłą atmosferę. Każdy pokój posiada własną łazienkę, balkon, lodówkę oraz zestaw do parzenia kawy i herbaty. Na terenie posesji dostępny jest monitorowany parking oraz zamykana przechowalnia na rowery i narty. W cenie pobytu goście mogą korzystać ze wspólnej strefy wypoczynkowej oraz tarasu widokowego.
172;ibis Wrocław Centrum;Wynajem wakacyjny;1.46;Kameralny obiekt noclegowy oferujący gościom wysoki poziom prywatności oraz niezwykle ciepłą atmosferę. Każdy pokój posiada własną łazienkę, balkon, lodówkę oraz zestaw do parzenia kawy i herbaty. Na terenie posesji dostępny jest monitorowany parking oraz zamykana przechowalnia na rowery i narty. W cenie pobytu goście mogą korzystać ze wspólnej strefy wypoczynkowej oraz tarasu widokowego.
173;Mövenpick Grand Hotel Wrocław;B&B;4.42;Kameralny obiekt noclegowy oferujący gościom wysoki poziom prywatności oraz niezwykle ciepłą atmosferę. Każdy pokój posiada własną łazienkę, balkon, lodówkę oraz zestaw do parzenia kawy i herbaty. Na terenie posesji dostępny jest monitorowany parking oraz zamykana przechowalnia na rowery i narty. W cenie pobytu goście mogą korzystać ze wspólnej strefy wypoczynkowej oraz tarasu widokowego.
174;Korona Hotel Wroclaw Market Square;B&B;2.83;Kameralny obiekt noclegowy oferujący gościom wysoki poziom prywatności oraz niezwykle ciepłą atmosferę. Każdy pokój posiada własną łazienkę, balkon, lodówkę oraz zestaw do parzenia kawy i herbaty. Na terenie posesji dostępny jest monitorowany parking oraz zamykana przechowalnia na rowery i narty. W cenie pobytu goście mogą korzystać ze wspólnej strefy wypoczynkowej oraz tarasu widokowego.
175;Hotel Monopol;Wynajem wakacyjny;2.79;Kameralny obiekt noclegowy oferujący gościom wysoki poziom prywatności oraz niezwykle ciepłą atmosferę. Każdy pokój posiada własną łazienkę, balkon, lodówkę oraz zestaw do parzenia kawy i herbaty. Na terenie posesji dostępny jest monitorowany parking oraz zamykana przechowalnia na rowery i narty. W cenie pobytu goście mogą korzystać ze wspólnej strefy wypoczynkowej oraz tarasu widokowego.
176;Wyndham Wrocław Old Town;Boutique;4.31;Kameralny obiekt noclegowy oferujący gościom wysoki poziom prywatności oraz niezwykle ciepłą atmosferę. Każdy pokój posiada własną łazienkę, balkon, lodówkę oraz zestaw do parzenia kawy i herbaty. Na terenie posesji dostępny jest monitorowany parking oraz zamykana przechowalnia na rowery i narty. W cenie pobytu goście mogą korzystać ze wspólnej strefy wypoczynkowej oraz tarasu widokowego.
177;ibis Styles Wroclaw Centrum;Wynajem wakacyjny;4.42;Kameralny obiekt noclegowy oferujący gościom wysoki poziom prywatności oraz niezwykle ciepłą atmosferę. Każdy pokój posiada własną łazienkę, balkon, lodówkę oraz zestaw do parzenia kawy i herbaty. Na terenie posesji dostępny jest monitorowany parking oraz zamykana przechowalnia na rowery i narty. W cenie pobytu goście mogą korzystać ze wspólnej strefy wypoczynkowej oraz tarasu widokowego.
178;HOTEL ZOO;Boutique;2.68;Kameralny obiekt noclegowy oferujący gościom wysoki poziom prywatności oraz niezwykle ciepłą atmosferę. Każdy pokój posiada własną łazienkę, balkon, lodówkę oraz zestaw do parzenia kawy i herbaty. Na terenie posesji dostępny jest monitorowany parking oraz zamykana przechowalnia na rowery i narty. W cenie pobytu goście mogą korzystać ze wspólnej strefy wypoczynkowej oraz tarasu widokowego.
179;Old Time Apartments;vacation rental;4.70;Kameralny obiekt noclegowy oferujący gościom wysoki poziom prywatności oraz niezwykle ciepłą atmosferę. Każdy pokój posiada własną łazienkę, balkon, lodówkę oraz zestaw do parzenia kawy i herbaty. Na terenie posesji dostępny jest monitorowany parking oraz zamykana przechowalnia na rowery i narty. W cenie pobytu goście mogą korzystać ze wspólnej strefy wypoczynkowej oraz tarasu widokowego.
180;Meadow View 10;vacation rental;4.70;Kameralny obiekt noclegowy oferujący gościom wysoki poziom prywatności oraz niezwykle ciepłą atmosferę. Każdy pokój posiada własną łazienkę, balkon, lodówkę oraz zestaw do parzenia kawy i herbaty. Na terenie posesji dostępny jest monitorowany parking oraz zamykana przechowalnia na rowery i narty. W cenie pobytu goście mogą korzystać ze wspólnej strefy wypoczynkowej oraz tarasu widokowego.
181;Garamond, a Tribute Portfolio Hotel;hotel;4.50;Unikalny obiekt butikowy, w którym historyczna architektura łączy się z ultranowoczesnym designem. Pokoje oferują spersonalizowany serwis, najwyższej klasy pościel antyalergiczną oraz luksusowe kosmetyki w łazienkach. Na miejscu działa nagradzana restauracja serwująca dania kuchni lokalnej w nowoczesnym wydaniu. Dedykowany konsjerż pozostaje do stałej dyspozycji gości, dbając o realizację wszelkich indywidualnych życzeń.
182;Focus Hotel Premium Kraków;hotel;4.70;Kameralny obiekt noclegowy oferujący gościom wysoki poziom prywatności oraz niezwykle ciepłą atmosferę. Każdy pokój posiada własną łazienkę, balkon, lodówkę oraz zestaw do parzenia kawy i herbaty. Na terenie posesji dostępny jest monitorowany parking oraz zamykana przechowalnia na rowery i narty. W cenie pobytu goście mogą korzystać ze wspólnej strefy wypoczynkowej oraz tarasu widokowego.
183;Perugia Moxy TEAM Old Town Parking gratis - One-Bedroom Apartment;vacation rental;4.70;Kameralny obiekt noclegowy oferujący gościom wysoki poziom prywatności oraz niezwykle ciepłą atmosferę. Każdy pokój posiada własną łazienkę, balkon, lodówkę oraz zestaw do parzenia kawy i herbaty. Na terenie posesji dostępny jest monitorowany parking oraz zamykana przechowalnia na rowery i narty. W cenie pobytu goście mogą korzystać ze wspólnej strefy wypoczynkowej oraz tarasu widokowego.
184;Hampton by Hilton Kraków;hotel;4.50;Kameralny obiekt noclegowy oferujący gościom wysoki poziom prywatności oraz niezwykle ciepłą atmosferę. Każdy pokój posiada własną łazienkę, balkon, lodówkę oraz zestaw do parzenia kawy i herbaty. Na terenie posesji dostępny jest monitorowany parking oraz zamykana przechowalnia na rowery i narty. W cenie pobytu goście mogą korzystać ze wspólnej strefy wypoczynkowej oraz tarasu widokowego.
185;1891 Garni Hotel;hotel;4.60;Kameralny obiekt noclegowy oferujący gościom wysoki poziom prywatności oraz niezwykle ciepłą atmosferę. Każdy pokój posiada własną łazienkę, balkon, lodówkę oraz zestaw do parzenia kawy i herbaty. Na terenie posesji dostępny jest monitorowany parking oraz zamykana przechowalnia na rowery i narty. W cenie pobytu goście mogą korzystać ze wspólnej strefy wypoczynkowej oraz tarasu widokowego.
186;B&B Hotel Kraków Centrum;hotel;4.40;Kameralny obiekt noclegowy oferujący gościom wysoki poziom prywatności oraz niezwykle ciepłą atmosferę. Każdy pokój posiada własną łazienkę, balkon, lodówkę oraz zestaw do parzenia kawy i herbaty. Na terenie posesji dostępny jest monitorowany parking oraz zamykana przechowalnia na rowery i narty. W cenie pobytu goście mogą korzystać ze wspólnej strefy wypoczynkowej oraz tarasu widokowego.
187;Krowodrza Centrum Konferencyjno - Hotelowe;hotel;4.80;Kameralny obiekt noclegowy oferujący gościom wysoki poziom prywatności oraz niezwykle ciepłą atmosferę. Każdy pokój posiada własną łazienkę, balkon, lodówkę oraz zestaw do parzenia kawy i herbaty. Na terenie posesji dostępny jest monitorowany parking oraz zamykana przechowalnia na rowery i narty. W cenie pobytu goście mogą korzystać ze wspólnej strefy wypoczynkowej oraz tarasu widokowego.
188;Hostel Ginger Apart;hotel;4.50;Kameralny obiekt noclegowy oferujący gościom wysoki poziom prywatności oraz niezwykle ciepłą atmosferę. Każdy pokój posiada własną łazienkę, balkon, lodówkę oraz zestaw do parzenia kawy i herbaty. Na terenie posesji dostępny jest monitorowany parking oraz zamykana przechowalnia na rowery i narty. W cenie pobytu goście mogą korzystać ze wspólnej strefy wypoczynkowej oraz tarasu widokowego.
